{
    "name": "sprengBoard Choccy",
    "vendorId": "0x5342",
    "productId": "0x0047",
    "matrix": { 
        "rows": 10,
        "cols": 6 
    },
    "layouts": {
        "labels": [
          ["Left half", "With encoder", "Without encoder"],
          ["Right half", "With encoder", "Without encoder"]
        ],
        "keymap": [ 
                [
    {
      "x": 4
    },
    "0,3",
    {
      "x": 8
    },
    "5,2"
  ],
  [
    {
      "y": -0.75,
      "x": 3
    },
    "0,2",
    {
      "x": 10
    },
    "5,3"
  ],
  [
    {
      "y": -0.75,
      "x": 5
    },
    "0,4",
    {
      "x": 6
    },
    "5,1"
  ],
  [
    {
      "y": -0.87,
      "x": 6
    },
    "0,5",
    {
      "x": 4
    },
    "5,0"
  ],
  [
    {
      "y": -0.6299999999999999,
      "x": 4
    },
    "1,3",
    {
      "x": 8
    },
    "6,2"
  ],
  [
    {
      "y": -0.75,
      "x": 2
    },
    "1,1",
    "1,2",
    {
      "x": 10
    },
    "6,3",
    "6,4"
  ],
  [
    {
      "y": -0.75,
      "x": 5
    },
    "1,4",
    {
      "x": 6
    },
    "6,1"
  ],
  [
    {
      "y": -0.8700000000000001,
      "x": 6
    },
    "1,5",
    {
      "x": 4
    },
    "6,0"
  ],
  [
    {
      "y": -0.8799999999999999,
      "x": 1
    },
    "1,0",
    {
      "x": 14
    },
    "6,5"
  ],
  [
    {
      "y": -0.75,
      "x": 4
    },
    "2,3",
    {
      "x": 8
    },
    "7,2"
  ],
  [
    {
      "y": -0.75,
      "x": 2
    },
    "2,1",
    "2,2",
    {
      "x": 10
    },
    "7,3",
    "7,4"
  ],
  [
    {
      "y": -0.75,
      "x": 5
    },
    "2,4",
    {
      "x": 6
    },
    "7,1"
  ],
  [
    {
      "y": -0.8700000000000001,
      "x": 6
    },
    "2,5",
    "0,1\n\n\n0,1",
    {
      "x": 2
    },
    "5,4\n\n\n1,1",
    "7,0"
  ],
  [
    {
      "y": -0.8799999999999999,
      "x": 1
    },
    "2,0",
    {
      "x": 14
    },
    "7,5"
  ],
  [
    {
      "y": -0.75,
      "x": 4
    },
    "3,3",
    {
      "x": 8
    },
    "8,2"
  ],
  [
    {
      "y": -0.75
    },
    "0,0",
    {
      "x": 1
    },
    "3,1",
    "3,2",
    {
      "x": 10
    },
    "8,3",
    "8,4",
    {
      "x": 1
    },
    "5,5"
  ],
  [
    {
      "y": -0.75,
      "x": 5
    },
    "3,4",
    {
      "x": 6
    },
    "8,1"
  ],
  [
    {
      "y": -0.8700000000000001,
      "x": 6
    },
    "3,5",
    "0,1\n\n\n0,0\n\n\n\n\n\ne0",
    {
      "x": 2
    },
    "5,4\n\n\n1,0\n\n\n\n\n\ne1",
    "8,0"
  ],
  [
    {
      "y": -0.8799999999999999,
      "x": 1
    },
    "3,0",
    {
      "x": 14
    },
    "8,5"
  ],
  [
    {
      "y": -0.75,
      "x": 4
    },
    "4,3",
    {
      "x": 8
    },
    "9,2"
  ],
  [
    {
      "y": -0.75,
      "x": 2
    },
    "4,1",
    "4,2",
    {
      "x": 10
    },
    "9,3",
    "9,4"
  ],
  [
    {
      "y": -0.75,
      "x": 5
    },
    "4,4",
    {
      "x": 6
    },
    "9,1"
  ],
  [
    {
      "y": -0.8700000000000001,
      "x": 6
    },
    "4,5",
    {
      "x": 4
    },
    "9,0"
  ],
  [
    {
      "r": 15,
      "rx": 7,
      "ry": 5.63,
      "y": -1
    },
    "4,0"
  ],
  [
    {
      "r": -15,
      "rx": 10.75,
      "y": -1,
      "x": -0.75
    },
    "9,5"
  ]
        ]
    }
}